{
    "test_recall": 0.9650283553875236,
    "test_precision": 0.24443380416566915,
    "test_accuracy": 0.6469092115448413,
    "test_f1": 0.3900668576886342,
    "confusion_matrix": {
        "true_negatives": 4829,
        "false_positives": 3156,
        "false_negatives": 37,
        "true_positives": 1021
    }
}