{
    "model_type": "RandomForestClassifier",
    "parameters": {
        "n_estimators": 200,
        "max_depth": 10,
        "min_samples_split": 10,
        "min_samples_leaf": 5,
        "class_weight": {
            "0": 0.5,
            "1": 3.0
        }
    },
    "performance": {
        "train_recall": 0.9968375238751291,
        "train_precision": 0.721152539301409,
        "train_accuracy": 0.8056955881892476,
        "test_recall": 0.9650283553875236,
        "test_precision": 0.24443380416566915,
        "test_accuracy": 0.6469092115448413,
        "recall_gap": 0.03180916848760551
    },
    "comparison_with_other_models": {
        "logistic_regression_recall": 0.780718336483932,
        "random_forest_default_recall": 0.48582230623818523,
        "random_forest_tuned_recall": 0.9650283553875236,
        "xgboost_recall": 0.5274102079395085
    }
}